,line_id,Lineage
0,ACH-000001,Ovary/Fallopian Tube
1,ACH-000013,Ovary/Fallopian Tube
2,ACH-000103,Ovary/Fallopian Tube
3,ACH-000116,Ovary/Fallopian Tube
4,ACH-000132,Ovary/Fallopian Tube
5,ACH-000256,Ovary/Fallopian Tube
6,ACH-000278,Ovary/Fallopian Tube
7,ACH-000409,Ovary/Fallopian Tube
8,ACH-000430,Ovary/Fallopian Tube
9,ACH-000443,Ovary/Fallopian Tube
10,ACH-000520,Ovary/Fallopian Tube
11,ACH-000524,Ovary/Fallopian Tube
12,ACH-000542,Ovary/Fallopian Tube
13,ACH-000574,Ovary/Fallopian Tube
14,ACH-000584,Ovary/Fallopian Tube
15,ACH-000617,Ovary/Fallopian Tube
16,ACH-000635,Ovary/Fallopian Tube
17,ACH-000696,Ovary/Fallopian Tube
18,ACH-000713,Ovary/Fallopian Tube
19,ACH-001151,Ovary/Fallopian Tube
20,ACH-001628,Ovary/Fallopian Tube
21,ACH-002140,Ovary/Fallopian Tube
22,ACH-002183,Ovary/Fallopian Tube
23,ACH-000002,Myeloid
24,ACH-000084,Myeloid
25,ACH-000218,Myeloid
26,ACH-000557,Myeloid
27,ACH-000003,Bowel
28,ACH-000007,Bowel
29,ACH-000009,Bowel
30,ACH-000089,Bowel
31,ACH-000202,Bowel
32,ACH-000236,Bowel
33,ACH-000249,Bowel
34,ACH-000252,Bowel
35,ACH-000253,Bowel
36,ACH-000296,Bowel
37,ACH-000342,Bowel
38,ACH-000350,Bowel
39,ACH-000360,Bowel
40,ACH-000381,Bowel
41,ACH-000400,Bowel
42,ACH-000403,Bowel
43,ACH-000412,Bowel
44,ACH-000467,Bowel
45,ACH-000489,Bowel
46,ACH-000491,Bowel
47,ACH-000501,Bowel
48,ACH-000552,Bowel
49,ACH-000651,Bowel
50,ACH-000680,Bowel
51,ACH-000710,Bowel
52,ACH-000722,Bowel
53,ACH-000798,Bowel
54,ACH-000820,Bowel
55,ACH-000842,Bowel
56,ACH-000895,Bowel
57,ACH-000926,Bowel
58,ACH-000935,Bowel
59,ACH-000943,Bowel
60,ACH-000950,Bowel
61,ACH-000955,Bowel
62,ACH-000957,Bowel
63,ACH-000958,Bowel
64,ACH-000959,Bowel
65,ACH-000963,Bowel
66,ACH-000967,Bowel
67,ACH-000969,Bowel
68,ACH-000970,Bowel
69,ACH-000971,Bowel
70,ACH-000982,Bowel
71,ACH-000985,Bowel
72,ACH-000986,Bowel
73,ACH-000991,Bowel
74,ACH-000997,Bowel
75,ACH-000998,Bowel
76,ACH-000999,Bowel
77,ACH-001039,Bowel
78,ACH-001061,Bowel
79,ACH-001081,Bowel
80,ACH-001199,Bowel
81,ACH-001345,Bowel
82,ACH-001399,Bowel
83,ACH-001454,Bowel
84,ACH-001458,Bowel
85,ACH-001460,Bowel
86,ACH-001786,Bowel
87,ACH-002538,Bowel
88,ACH-002539,Bowel
89,ACH-002543,Bowel
90,ACH-002654,Bowel
91,ACH-002660,Bowel
92,ACH-002662,Bowel
93,ACH-002667,Bowel
94,ACH-002669,Bowel
95,ACH-002886,Bowel
96,ACH-000004,Myeloid
97,ACH-000195,Myeloid
98,ACH-000387,Myeloid
99,ACH-000487,Myeloid
100,ACH-001684,Myeloid
101,ACH-002644,Myeloid
102,ACH-000005,Myeloid
103,ACH-000006,Myeloid
104,ACH-000034,Myeloid
105,ACH-000045,Myeloid
106,ACH-000065,Myeloid
107,ACH-000081,Myeloid
108,ACH-000113,Myeloid
109,ACH-000146,Myeloid
110,ACH-000166,Myeloid
111,ACH-000190,Myeloid
112,ACH-000198,Myeloid
113,ACH-000263,Myeloid
114,ACH-000299,Myeloid
115,ACH-000336,Myeloid
116,ACH-000362,Myeloid
117,ACH-000369,Myeloid
118,ACH-000373,Myeloid
119,ACH-000386,Myeloid
120,ACH-000406,Myeloid
121,ACH-000439,Myeloid
122,ACH-000498,Myeloid
123,ACH-000602,Myeloid
124,ACH-000751,Myeloid
125,ACH-000770,Myeloid
126,ACH-001574,Myeloid
127,ACH-001577,Myeloid
128,ACH-001613,Myeloid
129,ACH-001618,Myeloid
130,ACH-001647,Myeloid
131,ACH-001656,Myeloid
132,ACH-002218,Myeloid
133,ACH-002258,Myeloid
134,ACH-002273,Myeloid
135,ACH-002290,Myeloid
136,ACH-002299,Myeloid
137,ACH-002651,Myeloid
138,ACH-002668,Myeloid
139,ACH-002675,Myeloid
140,ACH-002709,Myeloid
141,ACH-002946,Myeloid
142,ACH-002994,Myeloid
143,ACH-003273,Myeloid
144,ACH-000008,Skin
145,ACH-000014,Skin
146,ACH-000219,Skin
147,ACH-000274,Skin
148,ACH-000304,Skin
149,ACH-000322,Skin
150,ACH-000348,Skin
151,ACH-000425,Skin
152,ACH-000441,Skin
153,ACH-000450,Skin
154,ACH-000458,Skin
155,ACH-000465,Skin
156,ACH-000477,Skin
157,ACH-000550,Skin
158,ACH-000572,Skin
159,ACH-000579,Skin
160,ACH-000580,Skin
161,ACH-000582,Skin
162,ACH-000614,Skin
163,ACH-000650,Skin
164,ACH-000661,Skin
165,ACH-000676,Skin
166,ACH-000750,Skin
167,ACH-000765,Skin
168,ACH-000788,Skin
169,ACH-000799,Skin
170,ACH-000801,Skin
171,ACH-000812,Skin
172,ACH-000814,Skin
173,ACH-000822,Skin
174,ACH-000827,Skin
175,ACH-000882,Skin
176,ACH-000884,Skin
177,ACH-000899,Skin
178,ACH-000931,Skin
179,ACH-000968,Skin
180,ACH-001024,Skin
181,ACH-001041,Skin
182,ACH-001190,Skin
183,ACH-001239,Skin
184,ACH-001522,Skin
185,ACH-001563,Skin
186,ACH-001566,Skin
187,ACH-001567,Skin
188,ACH-001568,Skin
189,ACH-001569,Skin
190,ACH-001570,Skin
191,ACH-001645,Skin
192,ACH-001704,Skin
193,ACH-001949,Skin
194,ACH-001953,Skin
195,ACH-001970,Skin
196,ACH-001971,Skin
197,ACH-001972,Skin
198,ACH-001973,Skin
199,ACH-001974,Skin
200,ACH-001975,Skin
201,ACH-001976,Skin
202,ACH-001978,Skin
203,ACH-001979,Skin
204,ACH-001980,Skin
205,ACH-001981,Skin
206,ACH-001982,Skin
207,ACH-001983,Skin
208,ACH-001984,Skin
209,ACH-001985,Skin
210,ACH-001986,Skin
211,ACH-001987,Skin
212,ACH-001988,Skin
213,ACH-001989,Skin
214,ACH-001990,Skin
215,ACH-002001,Skin
216,ACH-002002,Skin
217,ACH-002003,Skin
218,ACH-002004,Skin
219,ACH-002084,Skin
220,ACH-002096,Skin
221,ACH-002097,Skin
222,ACH-002098,Skin
223,ACH-002143,Skin
224,ACH-002147,Skin
225,ACH-002152,Skin
226,ACH-002153,Skin
227,ACH-002159,Skin
228,ACH-002162,Skin
229,ACH-002165,Skin
230,ACH-002166,Skin
231,ACH-002206,Skin
232,ACH-002207,Skin
233,ACH-002386,Skin
234,ACH-002387,Skin
235,ACH-002388,Skin
236,ACH-002403,Skin
237,ACH-002404,Skin
238,ACH-002405,Skin
239,ACH-002407,Skin
240,ACH-002458,Skin
241,ACH-002459,Skin
242,ACH-002460,Skin
243,ACH-002461,Skin
244,ACH-002511,Skin
245,ACH-002847,Skin
246,ACH-003105,Skin
247,ACH-003455,Skin
248,ACH-003456,Skin
249,ACH-003457,Skin
250,ACH-003458,Skin
251,ACH-003459,Skin
252,ACH-000011,Bladder/Urinary Tract
253,ACH-000018,Bladder/Urinary Tract
254,ACH-000026,Bladder/Urinary Tract
255,ACH-000127,Bladder/Urinary Tract
256,ACH-000142,Bladder/Urinary Tract
257,ACH-000242,Bladder/Urinary Tract
258,ACH-000384,Bladder/Urinary Tract
259,ACH-000396,Bladder/Urinary Tract
260,ACH-000473,Bladder/Urinary Tract
261,ACH-000486,Bladder/Urinary Tract
262,ACH-000522,Bladder/Urinary Tract
263,ACH-000545,Bladder/Urinary Tract
264,ACH-000547,Bladder/Urinary Tract
265,ACH-000566,Bladder/Urinary Tract
266,ACH-000593,Bladder/Urinary Tract
267,ACH-000720,Bladder/Urinary Tract
268,ACH-000724,Bladder/Urinary Tract
269,ACH-000741,Bladder/Urinary Tract
270,ACH-000753,Bladder/Urinary Tract
271,ACH-000802,Bladder/Urinary Tract
272,ACH-000834,Bladder/Urinary Tract
273,ACH-000862,Bladder/Urinary Tract
274,ACH-000896,Bladder/Urinary Tract
275,ACH-000905,Bladder/Urinary Tract
276,ACH-001183,Bladder/Urinary Tract
277,ACH-001407,Bladder/Urinary Tract
278,ACH-001409,Bladder/Urinary Tract
279,ACH-001410,Bladder/Urinary Tract
280,ACH-001412,Bladder/Urinary Tract
281,ACH-001413,Bladder/Urinary Tract
282,ACH-001414,Bladder/Urinary Tract
283,ACH-001415,Bladder/Urinary Tract
284,ACH-001416,Bladder/Urinary Tract
285,ACH-002235,Bladder/Urinary Tract
286,ACH-002266,Bladder/Urinary Tract
287,ACH-000012,Lung
288,ACH-000021,Lung
289,ACH-000029,Lung
290,ACH-000030,Lung
291,ACH-000033,Lung
292,ACH-000062,Lung
293,ACH-000066,Lung
294,ACH-000109,Lung
295,ACH-000121,Lung
296,ACH-000150,Lung
297,ACH-000161,Lung
298,ACH-000264,Lung
299,ACH-000282,Lung
300,ACH-000309,Lung
301,ACH-000311,Lung
302,ACH-000314,Lung
303,ACH-000327,Lung
304,ACH-000337,Lung
305,ACH-000339,Lung
306,ACH-000343,Lung
307,ACH-000379,Lung
308,ACH-000392,Lung
309,ACH-000414,Lung
310,ACH-000416,Lung
311,ACH-000447,Lung
312,ACH-000448,Lung
313,ACH-000451,Lung
314,ACH-000482,Lung
315,ACH-000496,Lung
316,ACH-000521,Lung
317,ACH-000528,Lung
318,ACH-000562,Lung
319,ACH-000575,Lung
320,ACH-000578,Lung
321,ACH-000587,Lung
322,ACH-000589,Lung
323,ACH-000590,Lung
324,ACH-000638,Lung
325,ACH-000666,Lung
326,ACH-000667,Lung
327,ACH-000675,Lung
328,ACH-000677,Lung
329,ACH-000681,Lung
330,ACH-000706,Lung
331,ACH-000712,Lung
332,ACH-000718,Lung
333,ACH-000733,Lung
334,ACH-000744,Lung
335,ACH-000757,Lung
336,ACH-000766,Lung
337,ACH-000774,Lung
338,ACH-000779,Lung
339,ACH-000781,Lung
340,ACH-000785,Lung
341,ACH-000787,Lung
342,ACH-000791,Lung
343,ACH-000837,Lung
344,ACH-000841,Lung
345,ACH-000845,Lung
346,ACH-000851,Lung
347,ACH-000852,Lung
348,ACH-000860,Lung
349,ACH-000861,Lung
350,ACH-000869,Lung
351,ACH-000872,Lung
352,ACH-000875,Lung
353,ACH-000886,Lung
354,ACH-000888,Lung
355,ACH-000892,Lung
356,ACH-000893,Lung
357,ACH-000900,Lung
358,ACH-000916,Lung
359,ACH-000925,Lung
360,ACH-000945,Lung
361,ACH-000951,Lung
362,ACH-001137,Lung
363,ACH-001233,Lung
364,ACH-001490,Lung
365,ACH-002089,Lung
366,ACH-002157,Lung
367,ACH-002337,Lung
368,ACH-002497,Lung
369,ACH-002522,Lung
370,ACH-002526,Lung
371,ACH-002531,Lung
372,ACH-002650,Lung
373,ACH-003012,Lung
374,ACH-000015,Lung
375,ACH-000434,Lung
376,ACH-000463,Lung
377,ACH-000510,Lung
378,ACH-000596,Lung
379,ACH-000627,Lung
380,ACH-000662,Lung
381,ACH-000672,Lung
382,ACH-000789,Lung
383,ACH-000813,Lung
384,ACH-000853,Lung
385,ACH-000891,Lung
386,ACH-000904,Lung
387,ACH-000980,Lung
388,ACH-000016,Kidney
389,ACH-000159,Kidney
390,ACH-000246,Kidney
391,ACH-000250,Kidney
392,ACH-000262,Kidney
393,ACH-000272,Kidney
394,ACH-000300,Kidney
395,ACH-000313,Kidney
396,ACH-000411,Kidney
397,ACH-000433,Kidney
398,ACH-000459,Kidney
399,ACH-000513,Kidney
400,ACH-000600,Kidney
401,ACH-000649,Kidney
402,ACH-000684,Kidney
403,ACH-000709,Kidney
404,ACH-000907,Kidney
405,ACH-001208,Kidney
406,ACH-001687,Kidney
407,ACH-002187,Kidney
408,ACH-002188,Kidney
409,ACH-002189,Kidney
410,ACH-002190,Kidney
411,ACH-002191,Kidney
412,ACH-002192,Kidney
413,ACH-002528,Kidney
414,ACH-000017,Breast
415,ACH-000019,Breast
416,ACH-000028,Breast
417,ACH-000117,Breast
418,ACH-000212,Breast
419,ACH-000248,Breast
420,ACH-000258,Breast
421,ACH-000352,Breast
422,ACH-000768,Breast
423,ACH-000849,Breast
424,ACH-000856,Breast
425,ACH-000876,Breast
426,ACH-000910,Breast
427,ACH-000934,Breast
428,ACH-001391,Breast
429,ACH-001392,Breast
430,ACH-001393,Breast
431,ACH-001394,Breast
432,ACH-001396,Breast
433,ACH-002179,Breast
434,ACH-000020,Lymphoid
435,ACH-000032,Lymphoid
436,ACH-000059,Lymphoid
437,ACH-000070,Lymphoid
438,ACH-000130,Lymphoid
439,ACH-000151,Lymphoid
440,ACH-000156,Lymphoid
441,ACH-000432,Lymphoid
442,ACH-000492,Lymphoid
443,ACH-000728,Lymphoid
444,ACH-000782,Lymphoid
445,ACH-000874,Lymphoid
446,ACH-000922,Lymphoid
447,ACH-000938,Lymphoid
448,ACH-000960,Lymphoid
449,ACH-001106,Lymphoid
450,ACH-001182,Lymphoid
451,ACH-001209,Lymphoid
452,ACH-001669,Lymphoid
453,ACH-001735,Lymphoid
454,ACH-001736,Lymphoid
455,ACH-001993,Lymphoid
456,ACH-002059,Lymphoid
457,ACH-002209,Lymphoid
458,ACH-002211,Lymphoid
459,ACH-002238,Lymphoid
460,ACH-002241,Lymphoid
461,ACH-002267,Lymphoid
462,ACH-002308,Lymphoid
463,ACH-002643,Lymphoid
464,ACH-003101,Lymphoid
465,ACH-003103,Lymphoid
466,ACH-000022,Pancreas
467,ACH-000023,Pancreas
468,ACH-000031,Pancreas
469,ACH-000042,Pancreas
470,ACH-000060,Pancreas
471,ACH-000085,Pancreas
472,ACH-000093,Pancreas
473,ACH-000094,Pancreas
474,ACH-000107,Pancreas
475,ACH-000114,Pancreas
476,ACH-000118,Pancreas
477,ACH-000138,Pancreas
478,ACH-000139,Pancreas
479,ACH-000155,Pancreas
480,ACH-000164,Pancreas
481,ACH-000178,Pancreas
482,ACH-000205,Pancreas
483,ACH-000213,Pancreas
484,ACH-000222,Pancreas
485,ACH-000235,Pancreas
486,ACH-000243,Pancreas
487,ACH-000265,Pancreas
488,ACH-000266,Pancreas
489,ACH-000270,Pancreas
490,ACH-000281,Pancreas
491,ACH-000307,Pancreas
492,ACH-000320,Pancreas
493,ACH-000332,Pancreas
494,ACH-000354,Pancreas
495,ACH-000417,Pancreas
496,ACH-000468,Pancreas
497,ACH-000502,Pancreas
498,ACH-000517,Pancreas
499,ACH-000535,Pancreas
500,ACH-000599,Pancreas
501,ACH-000601,Pancreas
502,ACH-000652,Pancreas
503,ACH-000933,Pancreas
504,ACH-001098,Pancreas
505,ACH-001107,Pancreas
506,ACH-001353,Pancreas
507,ACH-001375,Pancreas
508,ACH-001376,Pancreas
509,ACH-001377,Pancreas
510,ACH-001378,Pancreas
511,ACH-001379,Pancreas
512,ACH-001380,Pancreas
513,ACH-001382,Pancreas
514,ACH-001999,Pancreas
515,ACH-002039,Pancreas
516,ACH-002164,Pancreas
517,ACH-002186,Pancreas
518,ACH-002672,Pancreas
519,ACH-003429,Pancreas
520,ACH-003430,Pancreas
521,ACH-003433,Pancreas
522,ACH-000024,Lymphoid
523,ACH-000050,Lymphoid
524,ACH-000057,Lymphoid
525,ACH-000167,Lymphoid
526,ACH-000183,Lymphoid
527,ACH-000193,Lymphoid
528,ACH-000204,Lymphoid
529,ACH-000363,Lymphoid
530,ACH-000380,Lymphoid
531,ACH-000419,Lymphoid
532,ACH-000426,Lymphoid
533,ACH-000436,Lymphoid
534,ACH-000453,Lymphoid
535,ACH-000512,Lymphoid
536,ACH-000541,Lymphoid
537,ACH-000564,Lymphoid
538,ACH-000576,Lymphoid
539,ACH-000588,Lymphoid
540,ACH-000598,Lymphoid
541,ACH-000626,Lymphoid
542,ACH-000653,Lymphoid
543,ACH-000714,Lymphoid
544,ACH-000745,Lymphoid
545,ACH-000763,Lymphoid
546,ACH-000817,Lymphoid
547,ACH-000821,Lymphoid
548,ACH-000829,Lymphoid
549,ACH-000838,Lymphoid
550,ACH-000854,Lymphoid
551,ACH-000889,Lymphoid
552,ACH-001162,Lymphoid
553,ACH-001541,Lymphoid
554,ACH-000025,CNS/Brain
555,ACH-000629,CNS/Brain
556,ACH-001067,CNS/Brain
557,ACH-002070,CNS/Brain
558,ACH-000027,CNS/Brain
559,ACH-000036,CNS/Brain
560,ACH-000075,CNS/Brain
561,ACH-000098,CNS/Brain
562,ACH-000102,CNS/Brain
563,ACH-000137,CNS/Brain
564,ACH-000152,CNS/Brain
565,ACH-000200,CNS/Brain
566,ACH-000215,CNS/Brain
567,ACH-000231,CNS/Brain
568,ACH-000244,CNS/Brain
569,ACH-000269,CNS/Brain
570,ACH-000283,CNS/Brain
571,ACH-000289,CNS/Brain
572,ACH-000323,CNS/Brain
573,ACH-000328,CNS/Brain
574,ACH-000368,CNS/Brain
575,ACH-000370,CNS/Brain
576,ACH-000376,CNS/Brain
577,ACH-000445,CNS/Brain
578,ACH-000455,CNS/Brain
579,ACH-000464,CNS/Brain
580,ACH-000469,CNS/Brain
581,ACH-000479,CNS/Brain
582,ACH-000504,CNS/Brain
583,ACH-000543,CNS/Brain
584,ACH-000558,CNS/Brain
585,ACH-000570,CNS/Brain
586,ACH-000571,CNS/Brain
587,ACH-000595,CNS/Brain
588,ACH-000609,CNS/Brain
589,ACH-000622,CNS/Brain
590,ACH-000623,CNS/Brain
591,ACH-000631,CNS/Brain
592,ACH-000634,CNS/Brain
593,ACH-000673,CNS/Brain
594,ACH-000738,CNS/Brain
595,ACH-000760,CNS/Brain
596,ACH-000819,CNS/Brain
597,ACH-000863,CNS/Brain
598,ACH-000887,CNS/Brain
599,ACH-001118,CNS/Brain
600,ACH-001329,CNS/Brain
601,ACH-001605,CNS/Brain
602,ACH-001606,CNS/Brain
603,ACH-001608,CNS/Brain
604,ACH-001609,CNS/Brain
605,ACH-001610,CNS/Brain
606,ACH-001611,CNS/Brain
607,ACH-001622,CNS/Brain
608,ACH-001623,CNS/Brain
609,ACH-001624,CNS/Brain
610,ACH-002223,CNS/Brain
611,ACH-002225,CNS/Brain
612,ACH-002227,CNS/Brain
613,ACH-002228,CNS/Brain
614,ACH-002229,CNS/Brain
615,ACH-002230,CNS/Brain
616,ACH-002231,CNS/Brain
617,ACH-002259,CNS/Brain
618,ACH-002268,CNS/Brain
619,ACH-002349,CNS/Brain
620,ACH-002409,CNS/Brain
621,ACH-002680,CNS/Brain
622,ACH-002681,CNS/Brain
623,ACH-003438,CNS/Brain
624,ACH-000035,Lung
625,ACH-000186,Lung
626,ACH-000251,Lung
627,ACH-000603,Lung
628,ACH-000825,Lung
629,ACH-000826,Lung
630,ACH-000867,Lung
631,ACH-000924,Lung
632,ACH-000929,Lung
633,ACH-001362,Lung
634,ACH-001363,Lung
635,ACH-002101,Lung
636,ACH-002102,Lung
637,ACH-000037,Soft Tissue
638,ACH-000038,Lymphoid
639,ACH-000206,Lymphoid
640,ACH-001485,Lymphoid
641,ACH-001520,Lymphoid
642,ACH-000039,Bone
643,ACH-000041,Bone
644,ACH-000052,Bone
645,ACH-000087,Bone
646,ACH-000210,Bone
647,ACH-000279,Bone
648,ACH-000391,Bone
649,ACH-000424,Bone
650,ACH-000499,Bone
651,ACH-001022,Bone
652,ACH-001029,Bone
653,ACH-001030,Bone
654,ACH-001032,Bone
655,ACH-001034,Bone
656,ACH-001035,Bone
657,ACH-001038,Bone
658,ACH-001066,Bone
659,ACH-001192,Bone
660,ACH-001193,Bone
661,ACH-001205,Bone
662,ACH-001206,Bone
663,ACH-001282,Bone
664,ACH-001283,Bone
665,ACH-001427,Bone
666,ACH-001428,Bone
667,ACH-001430,Bone
668,ACH-001431,Bone
669,ACH-001643,Bone
670,ACH-002103,Bone
671,ACH-002104,Bone
672,ACH-002105,Bone
673,ACH-002106,Bone
674,ACH-002107,Bone
675,ACH-002108,Bone
676,ACH-002109,Bone
677,ACH-002110,Bone
678,ACH-002111,Bone
679,ACH-002112,Bone
680,ACH-002113,Bone
681,ACH-002114,Bone
682,ACH-002115,Bone
683,ACH-002116,Bone
684,ACH-002117,Bone
685,ACH-002118,Bone
686,ACH-002119,Bone
687,ACH-002160,Bone
688,ACH-002780,Bone
689,ACH-000040,CNS/Brain
690,ACH-000128,CNS/Brain
691,ACH-000208,CNS/Brain
692,ACH-000232,CNS/Brain
693,ACH-000329,CNS/Brain
694,ACH-000389,CNS/Brain
695,ACH-000437,CNS/Brain
696,ACH-000591,CNS/Brain
697,ACH-000592,CNS/Brain
698,ACH-000655,CNS/Brain
699,ACH-001016,CNS/Brain
700,ACH-001172,CNS/Brain
701,ACH-002269,CNS/Brain
702,ACH-002304,CNS/Brain
703,ACH-000043,Fibroblast
704,ACH-000135,Fibroblast
705,ACH-000180,Fibroblast
706,ACH-000194,Fibroblast
707,ACH-000240,Fibroblast
708,ACH-000275,Fibroblast
709,ACH-000306,Fibroblast
710,ACH-000044,Breast
711,ACH-000554,Breast
712,ACH-000568,Breast
713,ACH-000783,Breast
714,ACH-000828,Breast
715,ACH-001065,Breast
716,ACH-001358,Breast
717,ACH-001395,Breast
718,ACH-001683,Breast
719,ACH-002163,Breast
720,ACH-002921,Breast
721,ACH-000046,Kidney
722,ACH-000234,Kidney
723,ACH-000047,Esophagus/Stomach
724,ACH-000110,Esophagus/Stomach
725,ACH-000144,Esophagus/Stomach
726,ACH-000255,Esophagus/Stomach
727,ACH-000303,Esophagus/Stomach
728,ACH-000325,Esophagus/Stomach
729,ACH-000485,Esophagus/Stomach
730,ACH-000507,Esophagus/Stomach
731,ACH-000581,Esophagus/Stomach
732,ACH-000616,Esophagus/Stomach
733,ACH-000746,Esophagus/Stomach
734,ACH-000761,Esophagus/Stomach
735,ACH-000847,Esophagus/Stomach
736,ACH-000880,Esophagus/Stomach
737,ACH-000908,Esophagus/Stomach
738,ACH-000911,Esophagus/Stomach
739,ACH-000919,Esophagus/Stomach
740,ACH-000932,Esophagus/Stomach
741,ACH-000948,Esophagus/Stomach
742,ACH-000949,Esophagus/Stomach
743,ACH-001653,Esophagus/Stomach
744,ACH-001664,Esophagus/Stomach
745,ACH-002202,Esophagus/Stomach
746,ACH-002306,Esophagus/Stomach
747,ACH-002444,Esophagus/Stomach
748,ACH-002445,Esophagus/Stomach
749,ACH-002446,Esophagus/Stomach
750,ACH-003437,Esophagus/Stomach
751,ACH-000048,Ovary/Fallopian Tube
752,ACH-000657,Ovary/Fallopian Tube
753,ACH-000947,Ovary/Fallopian Tube
754,ACH-000966,Ovary/Fallopian Tube
755,ACH-001991,Ovary/Fallopian Tube
756,ACH-002524,Ovary/Fallopian Tube
757,ACH-000049,Kidney
758,ACH-001310,Kidney
759,ACH-000051,Soft Tissue
760,ACH-000053,Lymphoid
761,ACH-000226,Lymphoid
762,ACH-000233,Lymphoid
763,ACH-000338,Lymphoid
764,ACH-000664,Lymphoid
765,ACH-000773,Lymphoid
766,ACH-001111,Lymphoid
767,ACH-000054,Soft Tissue
768,ACH-002246,Soft Tissue
769,ACH-002309,Soft Tissue
770,ACH-000055,CNS/Brain
771,ACH-000095,CNS/Brain
772,ACH-000211,CNS/Brain
773,ACH-000776,CNS/Brain
774,ACH-001053,CNS/Brain
775,ACH-001054,CNS/Brain
776,ACH-001201,CNS/Brain
777,ACH-001232,CNS/Brain
778,ACH-001349,CNS/Brain
779,ACH-003067,CNS/Brain
780,ACH-000056,Lymphoid
781,ACH-000124,Lymphoid
782,ACH-000140,Lymphoid
783,ACH-000157,Lymphoid
784,ACH-000271,Lymphoid
785,ACH-000285,Lymphoid
786,ACH-000315,Lymphoid
787,ACH-000334,Lymphoid
788,ACH-000365,Lymphoid
789,ACH-000371,Lymphoid
790,ACH-000388,Lymphoid
791,ACH-000534,Lymphoid
792,ACH-000611,Lymphoid
793,ACH-000656,Lymphoid
794,ACH-000660,Lymphoid
795,ACH-000697,Lymphoid
796,ACH-000914,Lymphoid
797,ACH-001148,Lymphoid
798,ACH-001616,Lymphoid
799,ACH-001617,Lymphoid
800,ACH-001639,Lymphoid
801,ACH-001677,Lymphoid
802,ACH-001678,Lymphoid
803,ACH-001686,Lymphoid
804,ACH-001703,Lymphoid
805,ACH-001709,Lymphoid
806,ACH-002221,Lymphoid
807,ACH-002255,Lymphoid
808,ACH-002677,Lymphoid
809,ACH-002678,Lymphoid
810,ACH-003100,Lymphoid
811,ACH-003460,Lymphoid
812,ACH-000058,Thyroid
813,ACH-000716,Thyroid
814,ACH-000897,Thyroid
815,ACH-000903,Thyroid
816,ACH-001384,Thyroid
817,ACH-000061,Lymphoid
818,ACH-000077,Lymphoid
819,ACH-001197,Lymphoid
820,ACH-000063,Fibroblast
821,ACH-000125,Fibroblast
822,ACH-000165,Fibroblast
823,ACH-001093,Fibroblast
824,ACH-000064,Lung
825,ACH-000067,CNS/Brain
826,ACH-000126,CNS/Brain
827,ACH-000807,CNS/Brain
828,ACH-000068,Lymphoid
829,ACH-000073,Lymphoid
830,ACH-000106,Lymphoid
831,ACH-000220,Lymphoid
832,ACH-000357,Lymphoid
833,ACH-002485,Lymphoid
834,ACH-002500,Lymphoid
835,ACH-003107,Lymphoid
836,ACH-000069,Lymphoid
837,ACH-000267,Lymphoid
838,ACH-000702,Lymphoid
839,ACH-000754,Lymphoid
840,ACH-000806,Lymphoid
841,ACH-000815,Lymphoid
842,ACH-001203,Lymphoid
843,ACH-001685,Lymphoid
844,ACH-002245,Lymphoid
845,ACH-000071,Fibroblast
846,ACH-000119,Fibroblast
847,ACH-000154,Fibroblast
848,ACH-000185,Fibroblast
849,ACH-000224,Fibroblast
850,ACH-000229,Fibroblast
851,ACH-000340,Fibroblast
852,ACH-000526,Fibroblast
853,ACH-000529,Fibroblast
854,ACH-000072,Myeloid
855,ACH-000074,Myeloid
856,ACH-000076,Myeloid
857,ACH-000241,Myeloid
858,ACH-000295,Myeloid
859,ACH-000301,Myeloid
860,ACH-000321,Myeloid
861,ACH-000326,Myeloid
862,ACH-000462,Myeloid
863,ACH-000551,Myeloid
864,ACH-000604,Myeloid
865,ACH-000920,Myeloid
866,ACH-000983,Myeloid
867,ACH-001573,Myeloid
868,ACH-002061,Myeloid
869,ACH-002302,Myeloid
870,ACH-002475,Myeloid
871,ACH-002676,Myeloid
872,ACH-000078,Peripheral Nervous System
873,ACH-000099,Peripheral Nervous System
874,ACH-000120,Peripheral Nervous System
875,ACH-000136,Peripheral Nervous System
876,ACH-000149,Peripheral Nervous System
877,ACH-000203,Peripheral Nervous System
878,ACH-000227,Peripheral Nervous System
879,ACH-000259,Peripheral Nervous System
880,ACH-000260,Peripheral Nervous System
881,ACH-000310,Peripheral Nervous System
882,ACH-000312,Peripheral Nervous System
883,ACH-000341,Peripheral Nervous System
884,ACH-000345,Peripheral Nervous System
885,ACH-000366,Peripheral Nervous System
886,ACH-000446,Peripheral Nervous System
887,ACH-000804,Peripheral Nervous System
888,ACH-001188,Peripheral Nervous System
889,ACH-001300,Peripheral Nervous System
890,ACH-001301,Peripheral Nervous System
891,ACH-001302,Peripheral Nervous System
892,ACH-001303,Peripheral Nervous System
893,ACH-001338,Peripheral Nervous System
894,ACH-001344,Peripheral Nervous System
895,ACH-001354,Peripheral Nervous System
896,ACH-001355,Peripheral Nervous System
897,ACH-001366,Peripheral Nervous System
898,ACH-001367,Peripheral Nervous System
899,ACH-001465,Peripheral Nervous System
900,ACH-001481,Peripheral Nervous System
901,ACH-001548,Peripheral Nervous System
902,ACH-001603,Peripheral Nervous System
903,ACH-001674,Peripheral Nervous System
904,ACH-001716,Peripheral Nervous System
905,ACH-002080,Peripheral Nervous System
906,ACH-002083,Peripheral Nervous System
907,ACH-002248,Peripheral Nervous System
908,ACH-002261,Peripheral Nervous System
909,ACH-002277,Peripheral Nervous System
910,ACH-002278,Peripheral Nervous System
911,ACH-002279,Peripheral Nervous System
912,ACH-002280,Peripheral Nervous System
913,ACH-002281,Peripheral Nervous System
914,ACH-002282,Peripheral Nervous System
915,ACH-002283,Peripheral Nervous System
916,ACH-002284,Peripheral Nervous System
917,ACH-002285,Peripheral Nervous System
918,ACH-002340,Peripheral Nervous System
919,ACH-002389,Peripheral Nervous System
920,ACH-002431,Peripheral Nervous System
921,ACH-002922,Peripheral Nervous System
922,ACH-000079,Fibroblast
923,ACH-000175,Fibroblast
924,ACH-001767,Fibroblast
925,ACH-000080,Myeloid
926,ACH-000112,Myeloid
927,ACH-000168,Myeloid
928,ACH-001129,Myeloid
929,ACH-002314,Myeloid
930,ACH-000082,Bone
931,ACH-000359,Bone
932,ACH-000364,Bone
933,ACH-000410,Bone
934,ACH-000613,Bone
935,ACH-000748,Bone
936,ACH-001001,Bone
937,ACH-001275,Bone
938,ACH-001526,Bone
939,ACH-001712,Bone
940,ACH-001715,Bone
941,ACH-001813,Bone
942,ACH-001814,Bone
943,ACH-001817,Bone
944,ACH-001818,Bone
945,ACH-002067,Bone
946,ACH-002069,Bone
947,ACH-002142,Bone
948,ACH-002178,Bone
949,ACH-002433,Bone
950,ACH-002470,Bone
951,ACH-002471,Bone
952,ACH-002688,Bone
953,ACH-002689,Bone
954,ACH-002690,Bone
955,ACH-002778,Bone
956,ACH-002834,Bone
957,ACH-003176,Bone
958,ACH-000083,Fibroblast
959,ACH-000134,Fibroblast
960,ACH-000184,Fibroblast
961,ACH-000230,Fibroblast
962,ACH-000413,Fibroblast
963,ACH-000540,Fibroblast
964,ACH-000086,Pleura
965,ACH-000319,Pleura
966,ACH-000331,Pleura
967,ACH-000367,Pleura
968,ACH-000569,Pleura
969,ACH-000645,Pleura
970,ACH-000648,Pleura
971,ACH-001547,Pleura
972,ACH-001555,Pleura
973,ACH-001557,Pleura
974,ACH-001559,Pleura
975,ACH-001562,Pleura
976,ACH-001977,Pleura
977,ACH-001992,Pleura
978,ACH-002033,Pleura
979,ACH-002125,Pleura
980,ACH-002126,Pleura
981,ACH-002127,Pleura
982,ACH-002130,Pleura
983,ACH-002133,Pleura
984,ACH-002134,Pleura
985,ACH-000088,Fibroblast
986,ACH-000090,Prostate
987,ACH-000115,Prostate
988,ACH-000952,Prostate
989,ACH-000956,Prostate
990,ACH-000977,Prostate
991,ACH-000979,Prostate
992,ACH-000091,Ovary/Fallopian Tube
993,ACH-000291,Ovary/Fallopian Tube
994,ACH-000308,Ovary/Fallopian Tube
995,ACH-000460,Ovary/Fallopian Tube
996,ACH-000704,Ovary/Fallopian Tube
997,ACH-000811,Ovary/Fallopian Tube
998,ACH-000962,Ovary/Fallopian Tube
999,ACH-001048,Ovary/Fallopian Tube
1000,ACH-001145,Ovary/Fallopian Tube
1001,ACH-001340,Ovary/Fallopian Tube
1002,ACH-001370,Ovary/Fallopian Tube
1003,ACH-001373,Ovary/Fallopian Tube
1004,ACH-001403,Ovary/Fallopian Tube
1005,ACH-001418,Ovary/Fallopian Tube
1006,ACH-001630,Ovary/Fallopian Tube
1007,ACH-001632,Ovary/Fallopian Tube
1008,ACH-002146,Ovary/Fallopian Tube
1009,ACH-002181,Ovary/Fallopian Tube
1010,ACH-002182,Ovary/Fallopian Tube
1011,ACH-002486,Ovary/Fallopian Tube
1012,ACH-000092,Pleura
1013,ACH-000335,Pleura
1014,ACH-001556,Pleura
1015,ACH-001558,Pleura
1016,ACH-001560,Pleura
1017,ACH-001561,Pleura
1018,ACH-002135,Pleura
1019,ACH-000096,Kidney
1020,ACH-000201,Kidney
1021,ACH-000375,Kidney
1022,ACH-000533,Kidney
1023,ACH-000607,Kidney
1024,ACH-001109,Kidney
1025,ACH-001200,Kidney
1026,ACH-001210,Kidney
1027,ACH-001532,Kidney
1028,ACH-000097,Breast
1029,ACH-000111,Breast
1030,ACH-000147,Breast
1031,ACH-000196,Breast
1032,ACH-000223,Breast
1033,ACH-000276,Breast
1034,ACH-000277,Breast
1035,ACH-000330,Breast
1036,ACH-000374,Breast
1037,ACH-000536,Breast
1038,ACH-000621,Breast
1039,ACH-000643,Breast
1040,ACH-000668,Breast
1041,ACH-000691,Breast
1042,ACH-000699,Breast
1043,ACH-000711,Breast
1044,ACH-000721,Breast
1045,ACH-000759,Breast
1046,ACH-000818,Breast
1047,ACH-000857,Breast
1048,ACH-000902,Breast
1049,ACH-000927,Breast
1050,ACH-000930,Breast
1051,ACH-001388,Breast
1052,ACH-001389,Breast
1053,ACH-001390,Breast
1054,ACH-001419,Breast
1055,ACH-001705,Breast
1056,ACH-001819,Breast
1057,ACH-002208,Breast
1058,ACH-002399,Breast
1059,ACH-002400,Breast
1060,ACH-002401,Breast
1061,ACH-002499,Breast
1062,ACH-000100,Soft Tissue
1063,ACH-000833,Soft Tissue
1064,ACH-001050,Soft Tissue
1065,ACH-001096,Soft Tissue
1066,ACH-001184,Soft Tissue
1067,ACH-001740,Soft Tissue
1068,ACH-001743,Soft Tissue
1069,ACH-001745,Soft Tissue
1070,ACH-001765,Soft Tissue
1071,ACH-002501,Soft Tissue
1072,ACH-002936,Soft Tissue
1073,ACH-000101,Lymphoid
1074,ACH-000104,Lymphoid
1075,ACH-000105,Lymphoid
1076,ACH-000122,Lymphoid
1077,ACH-000197,Lymphoid
1078,ACH-000372,Lymphoid
1079,ACH-000519,Lymphoid
1080,ACH-000636,Lymphoid
1081,ACH-000795,Lymphoid
1082,ACH-000918,Lymphoid
1083,ACH-000937,Lymphoid
1084,ACH-000942,Lymphoid
1085,ACH-000953,Lymphoid
1086,ACH-000964,Lymphoid
1087,ACH-000981,Lymphoid
1088,ACH-000995,Lymphoid
1089,ACH-001127,Lymphoid
1090,ACH-001737,Lymphoid
1091,ACH-001738,Lymphoid
1092,ACH-002058,Lymphoid
1093,ACH-002216,Lymphoid
1094,ACH-002222,Lymphoid
1095,ACH-002256,Lymphoid
1096,ACH-000108,Pancreas
1097,ACH-000685,Pancreas
1098,ACH-000123,Ovary/Fallopian Tube
1099,ACH-001278,Ovary/Fallopian Tube
1100,ACH-001279,Ovary/Fallopian Tube
1101,ACH-000129,Cervix
1102,ACH-000131,Fibroblast
1103,ACH-000531,Fibroblast
1104,ACH-000539,Fibroblast
1105,ACH-000742,Fibroblast
1106,ACH-000797,Fibroblast
1107,ACH-001207,Fibroblast
1108,ACH-000133,Fibroblast
1109,ACH-003221,Fibroblast
1110,ACH-003283,Fibroblast
1111,ACH-003284,Fibroblast
1112,ACH-000141,Biliary Tract
1113,ACH-001607,Biliary Tract
1114,ACH-001619,Biliary Tract
1115,ACH-001850,Biliary Tract
1116,ACH-002312,Biliary Tract
1117,ACH-000143,Lung
1118,ACH-002034,Lung
1119,ACH-000145,Soft Tissue
1120,ACH-000505,Soft Tissue
1121,ACH-002785,Soft Tissue
1122,ACH-002942,Soft Tissue
1123,ACH-003181,Soft Tissue
1124,ACH-003184,Soft Tissue
1125,ACH-003265,Soft Tissue
1126,ACH-003266,Soft Tissue
1127,ACH-003267,Soft Tissue
1128,ACH-003268,Soft Tissue
1129,ACH-003269,Soft Tissue
1130,ACH-000148,Breast
1131,ACH-000288,Breast
1132,ACH-000573,Breast
1133,ACH-000153,Pleura
1134,ACH-002124,Pleura
1135,ACH-002129,Pleura
1136,ACH-000158,Lymphoid
1137,ACH-000287,Lymphoid
1138,ACH-000398,Lymphoid
1139,ACH-002498,Lymphoid
1140,ACH-000160,CNS/Brain
1141,ACH-001020,CNS/Brain
1142,ACH-001028,CNS/Brain
1143,ACH-001031,CNS/Brain
1144,ACH-001289,CNS/Brain
1145,ACH-003065,CNS/Brain
1146,ACH-000162,Lymphoid
1147,ACH-000245,Lymphoid
1148,ACH-000402,Lymphoid
1149,ACH-000440,Lymphoid
1150,ACH-000567,Lymphoid
1151,ACH-000707,Lymphoid
1152,ACH-000786,Lymphoid
1153,ACH-000877,Lymphoid
1154,ACH-000944,Lymphoid
1155,ACH-001064,Lymphoid
1156,ACH-001447,Lymphoid
1157,ACH-001449,Lymphoid
1158,ACH-001450,Lymphoid
1159,ACH-001492,Lymphoid
1160,ACH-001493,Lymphoid
1161,ACH-001503,Lymphoid
1162,ACH-002055,Lymphoid
1163,ACH-002232,Lymphoid
1164,ACH-002236,Lymphoid
1165,ACH-002252,Lymphoid
1166,ACH-002275,Lymphoid
1167,ACH-002293,Lymphoid
1168,ACH-002300,Lymphoid
1169,ACH-000163,Head and Neck
1170,ACH-000762,Head and Neck
1171,ACH-001023,Head and Neck
1172,ACH-001641,Head and Neck
1173,ACH-002042,Head and Neck
1174,ACH-002212,Head and Neck
1175,ACH-002265,Head and Neck
1176,ACH-003465,Head and Neck
1177,ACH-003474,Head and Neck
1178,ACH-003475,Head and Neck
1179,ACH-000169,Soft Tissue
1180,ACH-000689,Soft Tissue
1181,ACH-001196,Soft Tissue
1182,ACH-001750,Soft Tissue
1183,ACH-001751,Soft Tissue
1184,ACH-001756,Soft Tissue
1185,ACH-001758,Soft Tissue
1186,ACH-001759,Soft Tissue
1187,ACH-001760,Soft Tissue
1188,ACH-002048,Soft Tissue
1189,ACH-003473,Soft Tissue
1190,ACH-000170,Prostate
1191,ACH-001422,Prostate
1192,ACH-001627,Prostate
1193,ACH-001648,Prostate
1194,ACH-001649,Prostate
1195,ACH-000171,Kidney
1196,ACH-000189,Kidney
1197,ACH-000317,Kidney
1198,ACH-000385,Kidney
1199,ACH-000428,Kidney
1200,ACH-000429,Kidney
1201,ACH-000457,Kidney
1202,ACH-000484,Kidney
1203,ACH-000495,Kidney
1204,ACH-000555,Kidney
1205,ACH-000792,Kidney
1206,ACH-001194,Kidney
1207,ACH-001398,Kidney
1208,ACH-001688,Kidney
1209,ACH-002090,Kidney
1210,ACH-002139,Kidney
1211,ACH-002150,Kidney
1212,ACH-002151,Kidney
1213,ACH-002155,Kidney
1214,ACH-002167,Kidney
1215,ACH-002168,Kidney
1216,ACH-002195,Kidney
1217,ACH-002199,Kidney
1218,ACH-002533,Kidney
1219,ACH-000172,Soft Tissue
1220,ACH-000597,Soft Tissue
1221,ACH-001059,Soft Tissue
1222,ACH-001099,Soft Tissue
1223,ACH-001128,Soft Tissue
1224,ACH-001211,Soft Tissue
1225,ACH-000173,Uterus
1226,ACH-000192,Uterus
1227,ACH-000293,Uterus
1228,ACH-000435,Uterus
1229,ACH-000831,Uterus
1230,ACH-000864,Uterus
1231,ACH-000879,Uterus
1232,ACH-000909,Uterus
1233,ACH-000928,Uterus
1234,ACH-000940,Uterus
1235,ACH-000941,Uterus
1236,ACH-000946,Uterus
1237,ACH-000954,Uterus
1238,ACH-000961,Uterus
1239,ACH-000972,Uterus
1240,ACH-000974,Uterus
1241,ACH-000978,Uterus
1242,ACH-000990,Uterus
1243,ACH-000993,Uterus
1244,ACH-000994,Uterus
1245,ACH-000996,Uterus
1246,ACH-001517,Uterus
1247,ACH-001518,Uterus
1248,ACH-002026,Uterus
1249,ACH-002027,Uterus
1250,ACH-000174,Thyroid
1251,ACH-000191,Thyroid
1252,ACH-001306,Thyroid
1253,ACH-001307,Thyroid
1254,ACH-001350,Thyroid
1255,ACH-001356,Thyroid
1256,ACH-001443,Thyroid
1257,ACH-002041,Thyroid
1258,ACH-002397,Thyroid
1259,ACH-003468,Thyroid
1260,ACH-003469,Thyroid
1261,ACH-003470,Thyroid
1262,ACH-003480,Thyroid
1263,ACH-000176,Lung
1264,ACH-000261,Lung
1265,ACH-000390,Lung
1266,ACH-000395,Lung
1267,ACH-000442,Lung
1268,ACH-000454,Lung
1269,ACH-000481,Lung
1270,ACH-000511,Lung
1271,ACH-000553,Lung
1272,ACH-000563,Lung
1273,ACH-000585,Lung
1274,ACH-000665,Lung
1275,ACH-000669,Lung
1276,ACH-000690,Lung
1277,ACH-000700,Lung
1278,ACH-000705,Lung
1279,ACH-000737,Lung
1280,ACH-000747,Lung
1281,ACH-000769,Lung
1282,ACH-000843,Lung
1283,ACH-000858,Lung
1284,ACH-000878,Lung
1285,ACH-000894,Lung
1286,ACH-000921,Lung
1287,ACH-000975,Lung
1288,ACH-001113,Lung
1289,ACH-001489,Lung
1290,ACH-002122,Lung
1291,ACH-002156,Lung
1292,ACH-002529,Lung
1293,ACH-000177,Prostate
1294,ACH-000179,Lung
1295,ACH-000187,Lung
1296,ACH-000257,Lung
1297,ACH-000290,Lung
1298,ACH-000297,Lung
1299,ACH-000298,Lung
1300,ACH-000355,Lung
1301,ACH-000358,Lung
1302,ACH-000382,Lung
1303,ACH-000394,Lung
1304,ACH-000399,Lung
1305,ACH-000431,Lung
1306,ACH-000506,Lung
1307,ACH-000508,Lung
1308,ACH-000514,Lung
1309,ACH-000515,Lung
1310,ACH-000523,Lung
1311,ACH-000525,Lung
1312,ACH-000559,Lung
1313,ACH-000586,Lung
1314,ACH-000594,Lung
1315,ACH-000610,Lung
1316,ACH-000639,Lung
1317,ACH-000659,Lung
1318,ACH-000670,Lung
1319,ACH-000695,Lung
1320,ACH-000698,Lung
1321,ACH-000703,Lung
1322,ACH-000727,Lung
1323,ACH-000729,Lung
1324,ACH-000743,Lung
1325,ACH-000749,Lung
1326,ACH-000767,Lung
1327,ACH-000780,Lung
1328,ACH-000790,Lung
1329,ACH-000800,Lung
1330,ACH-000803,Lung
1331,ACH-000816,Lung
1332,ACH-000830,Lung
1333,ACH-000844,Lung
1334,ACH-000866,Lung
1335,ACH-000870,Lung
1336,ACH-000871,Lung
1337,ACH-000912,Lung
1338,ACH-001046,Lung
1339,ACH-001049,Lung
1340,ACH-001136,Lung
1341,ACH-001138,Lung
1342,ACH-001364,Lung
1343,ACH-001365,Lung
1344,ACH-001386,Lung
1345,ACH-001549,Lung
1346,ACH-001591,Lung
1347,ACH-001599,Lung
1348,ACH-001958,Lung
1349,ACH-002036,Lung
1350,ACH-002051,Lung
1351,ACH-002052,Lung
1352,ACH-002074,Lung
1353,ACH-002075,Lung
1354,ACH-002077,Lung
1355,ACH-002095,Lung
1356,ACH-002144,Lung
1357,ACH-002145,Lung
1358,ACH-002154,Lung
1359,ACH-002169,Lung
1360,ACH-002170,Lung
1361,ACH-002171,Lung
1362,ACH-002173,Lung
1363,ACH-002175,Lung
1364,ACH-002193,Lung
1365,ACH-002196,Lung
1366,ACH-002197,Lung
1367,ACH-002286,Lung
1368,ACH-002490,Lung
1369,ACH-003061,Lung
1370,ACH-003071,Lung
1371,ACH-003119,Lung
1372,ACH-003120,Lung
1373,ACH-003121,Lung
1374,ACH-000181,Head and Neck
1375,ACH-000188,Head and Neck
1376,ACH-000228,Head and Neck
1377,ACH-000238,Head and Neck
1378,ACH-000254,Head and Neck
1379,ACH-000472,Head and Neck
1380,ACH-000503,Head and Neck
1381,ACH-000518,Head and Neck
1382,ACH-000546,Head and Neck
1383,ACH-000548,Head and Neck
1384,ACH-000606,Head and Neck
1385,ACH-000619,Head and Neck
1386,ACH-000630,Head and Neck
1387,ACH-000723,Head and Neck
1388,ACH-000732,Head and Neck
1389,ACH-000735,Head and Neck
1390,ACH-000740,Head and Neck
1391,ACH-000771,Head and Neck
1392,ACH-000778,Head and Neck
1393,ACH-000794,Head and Neck
1394,ACH-000832,Head and Neck
1395,ACH-000836,Head and Neck
1396,ACH-001227,Head and Neck
1397,ACH-001228,Head and Neck
1398,ACH-001229,Head and Neck
1399,ACH-001331,Head and Neck
1400,ACH-001332,Head and Neck
1401,ACH-001346,Head and Neck
1402,ACH-001347,Head and Neck
1403,ACH-001445,Head and Neck
1404,ACH-001508,Head and Neck
1405,ACH-001509,Head and Neck
1406,ACH-001510,Head and Neck
1407,ACH-001511,Head and Neck
1408,ACH-001542,Head and Neck
1409,ACH-001543,Head and Neck
1410,ACH-001625,Head and Neck
1411,ACH-001626,Head and Neck
1412,ACH-001675,Head and Neck
1413,ACH-001690,Head and Neck
1414,ACH-001691,Head and Neck
1415,ACH-001692,Head and Neck
1416,ACH-001693,Head and Neck
1417,ACH-001694,Head and Neck
1418,ACH-001695,Head and Neck
1419,ACH-001696,Head and Neck
1420,ACH-001697,Head and Neck
1421,ACH-001698,Head and Neck
1422,ACH-001699,Head and Neck
1423,ACH-001701,Head and Neck
1424,ACH-002029,Head and Neck
1425,ACH-002030,Head and Neck
1426,ACH-002043,Head and Neck
1427,ACH-002045,Head and Neck
1428,ACH-002213,Head and Neck
1429,ACH-002244,Head and Neck
1430,ACH-002295,Head and Neck
1431,ACH-002296,Head and Neck
1432,ACH-002298,Head and Neck
1433,ACH-002305,Head and Neck
1434,ACH-003099,Head and Neck
1435,ACH-000182,Ampulla of Vater
1436,ACH-000377,Ampulla of Vater
1437,ACH-001862,Ampulla of Vater
1438,ACH-001997,Ampulla of Vater
1439,ACH-002023,Ampulla of Vater
1440,ACH-000199,Fibroblast
1441,ACH-000214,Fibroblast
1442,ACH-000850,Fibroblast
1443,ACH-000207,Head and Neck
1444,ACH-001700,Head and Neck
1445,ACH-000209,Biliary Tract
1446,ACH-000808,Biliary Tract
1447,ACH-000976,Biliary Tract
1448,ACH-001537,Biliary Tract
1449,ACH-001538,Biliary Tract
1450,ACH-001834,Biliary Tract
1451,ACH-001835,Biliary Tract
1452,ACH-001836,Biliary Tract
1453,ACH-001838,Biliary Tract
1454,ACH-001839,Biliary Tract
1455,ACH-001842,Biliary Tract
1456,ACH-001844,Biliary Tract
1457,ACH-001845,Biliary Tract
1458,ACH-001846,Biliary Tract
1459,ACH-001847,Biliary Tract
1460,ACH-001848,Biliary Tract
1461,ACH-001849,Biliary Tract
1462,ACH-001852,Biliary Tract
1463,ACH-001855,Biliary Tract
1464,ACH-001856,Biliary Tract
1465,ACH-001857,Biliary Tract
1466,ACH-001858,Biliary Tract
1467,ACH-001863,Biliary Tract
1468,ACH-001864,Biliary Tract
1469,ACH-001959,Biliary Tract
1470,ACH-001960,Biliary Tract
1471,ACH-001994,Biliary Tract
1472,ACH-001996,Biliary Tract
1473,ACH-002237,Biliary Tract
1474,ACH-000216,Esophagus/Stomach
1475,ACH-000383,Esophagus/Stomach
1476,ACH-001368,Esophagus/Stomach
1477,ACH-001497,Esophagus/Stomach
1478,ACH-001500,Esophagus/Stomach
1479,ACH-001544,Esophagus/Stomach
1480,ACH-001654,Esophagus/Stomach
1481,ACH-002292,Esophagus/Stomach
1482,ACH-002703,Esophagus/Stomach
1483,ACH-002705,Esophagus/Stomach
1484,ACH-002706,Esophagus/Stomach
1485,ACH-003426,Esophagus/Stomach
1486,ACH-000217,Liver
1487,ACH-000221,Liver
1488,ACH-000316,Liver
1489,ACH-000361,Liver
1490,ACH-000393,Liver
1491,ACH-000420,Liver
1492,ACH-000422,Liver
1493,ACH-000471,Liver
1494,ACH-000475,Liver
1495,ACH-000476,Liver
1496,ACH-000478,Liver
1497,ACH-000480,Liver
1498,ACH-000483,Liver
1499,ACH-000493,Liver
1500,ACH-000537,Liver
1501,ACH-000577,Liver
1502,ACH-000620,Liver
1503,ACH-000625,Liver
1504,ACH-000686,Liver
1505,ACH-000734,Liver
1506,ACH-000848,Liver
1507,ACH-001089,Liver
1508,ACH-001318,Liver
1509,ACH-002523,Liver
1510,ACH-000225,Esophagus/Stomach
1511,ACH-000560,Esophagus/Stomach
1512,ACH-000237,Ovary/Fallopian Tube
1513,ACH-000333,Ovary/Fallopian Tube
1514,ACH-000608,Ovary/Fallopian Tube
1515,ACH-000701,Ovary/Fallopian Tube
1516,ACH-000796,Ovary/Fallopian Tube
1517,ACH-000936,Ovary/Fallopian Tube
1518,ACH-000239,Esophagus/Stomach
1519,ACH-000427,Esophagus/Stomach
1520,ACH-000466,Esophagus/Stomach
1521,ACH-000678,Esophagus/Stomach
1522,ACH-000758,Esophagus/Stomach
1523,ACH-000898,Esophagus/Stomach
1524,ACH-002161,Esophagus/Stomach
1525,ACH-002544,Esophagus/Stomach
1526,ACH-000247,Esophagus/Stomach
1527,ACH-000344,Esophagus/Stomach
1528,ACH-000356,Esophagus/Stomach
1529,ACH-000633,Esophagus/Stomach
1530,ACH-000674,Esophagus/Stomach
1531,ACH-000268,Biliary Tract
1532,ACH-000461,Biliary Tract
1533,ACH-001494,Biliary Tract
1534,ACH-001536,Biliary Tract
1535,ACH-001673,Biliary Tract
1536,ACH-001841,Biliary Tract
1537,ACH-001843,Biliary Tract
1538,ACH-000273,CNS/Brain
1539,ACH-000756,CNS/Brain
1540,ACH-002224,CNS/Brain
1541,ACH-002226,CNS/Brain
1542,ACH-000280,Ovary/Fallopian Tube
1543,ACH-000284,Fibroblast
1544,ACH-000286,Bowel
1545,ACH-000421,Bowel
1546,ACH-000470,Bowel
1547,ACH-000532,Bowel
1548,ACH-000565,Bowel
1549,ACH-000683,Bowel
1550,ACH-000708,Bowel
1551,ACH-001459,Bowel
1552,ACH-001461,Bowel
1553,ACH-002024,Bowel
1554,ACH-002025,Bowel
1555,ACH-002345,Bowel
1556,ACH-002530,Bowel
1557,ACH-002532,Bowel
1558,ACH-002535,Bowel
1559,ACH-000292,Lung
1560,ACH-000530,Lung
1561,ACH-000752,Lung
1562,ACH-000890,Lung
1563,ACH-000294,Myeloid
1564,ACH-000302,Uterus
1565,ACH-000407,Uterus
1566,ACH-001495,Uterus
1567,ACH-002046,Uterus
1568,ACH-002047,Uterus
1569,ACH-002419,Uterus
1570,ACH-002648,Uterus
1571,ACH-000305,Esophagus/Stomach
1572,ACH-000318,Esophagus/Stomach
1573,ACH-000353,Esophagus/Stomach
1574,ACH-000408,Esophagus/Stomach
1575,ACH-000452,Esophagus/Stomach
1576,ACH-000488,Esophagus/Stomach
1577,ACH-000544,Esophagus/Stomach
1578,ACH-000561,Esophagus/Stomach
1579,ACH-000605,Esophagus/Stomach
1580,ACH-000637,Esophagus/Stomach
1581,ACH-000647,Esophagus/Stomach
1582,ACH-000679,Esophagus/Stomach
1583,ACH-000693,Esophagus/Stomach
1584,ACH-000694,Esophagus/Stomach
1585,ACH-000717,Esophagus/Stomach
1586,ACH-000726,Esophagus/Stomach
1587,ACH-000777,Esophagus/Stomach
1588,ACH-000784,Esophagus/Stomach
1589,ACH-000809,Esophagus/Stomach
1590,ACH-000823,Esophagus/Stomach
1591,ACH-000824,Esophagus/Stomach
1592,ACH-000855,Esophagus/Stomach
1593,ACH-000865,Esophagus/Stomach
1594,ACH-000873,Esophagus/Stomach
1595,ACH-000917,Esophagus/Stomach
1596,ACH-002243,Esophagus/Stomach
1597,ACH-002263,Esophagus/Stomach
1598,ACH-002264,Esophagus/Stomach
1599,ACH-002311,Esophagus/Stomach
1600,ACH-003476,Esophagus/Stomach
1601,ACH-000324,Ovary/Fallopian Tube
1602,ACH-000527,Ovary/Fallopian Tube
1603,ACH-000646,Ovary/Fallopian Tube
1604,ACH-000663,Ovary/Fallopian Tube
1605,ACH-000719,Ovary/Fallopian Tube
1606,ACH-000885,Ovary/Fallopian Tube
1607,ACH-000906,Ovary/Fallopian Tube
1608,ACH-001369,Ovary/Fallopian Tube
1609,ACH-001719,Ovary/Fallopian Tube
1610,ACH-000346,Lymphoid
1611,ACH-000347,Pancreas
1612,ACH-000349,Breast
1613,ACH-000624,Breast
1614,ACH-000725,Breast
1615,ACH-000755,Breast
1616,ACH-000859,Breast
1617,ACH-000351,Esophagus/Stomach
1618,ACH-000378,Lung
1619,ACH-000628,Lung
1620,ACH-000731,Lung
1621,ACH-000840,Lung
1622,ACH-000868,Lung
1623,ACH-000397,Uterus
1624,ACH-000401,Skin
1625,ACH-000404,Skin
1626,ACH-000423,Skin
1627,ACH-000615,Skin
1628,ACH-000632,Skin
1629,ACH-000640,Skin
1630,ACH-000644,Skin
1631,ACH-000730,Skin
1632,ACH-000805,Skin
1633,ACH-000810,Skin
1634,ACH-000881,Skin
1635,ACH-000915,Skin
1636,ACH-000987,Skin
1637,ACH-001002,Skin
1638,ACH-001339,Skin
1639,ACH-002005,Skin
1640,ACH-002121,Skin
1641,ACH-002205,Skin
1642,ACH-000405,Lymphoid
1643,ACH-001484,Lymphoid
1644,ACH-001634,Lymphoid
1645,ACH-001707,Lymphoid
1646,ACH-000415,Head and Neck
1647,ACH-000618,Head and Neck
1648,ACH-000846,Head and Neck
1649,ACH-002294,Head and Neck
1650,ACH-000418,Bone
1651,ACH-001150,Bone
1652,ACH-002092,Bone
1653,ACH-002093,Bone
1654,ACH-002094,Bone
1655,ACH-002099,Bone
1656,ACH-000438,Lung
1657,ACH-000444,Lung
1658,ACH-000901,Lung
1659,ACH-000449,Uterus
1660,ACH-000456,Thyroid
1661,ACH-000490,Cervix
1662,ACH-000556,Cervix
1663,ACH-001333,Cervix
1664,ACH-001334,Cervix
1665,ACH-001335,Cervix
1666,ACH-001336,Cervix
1667,ACH-001359,Cervix
1668,ACH-001360,Cervix
1669,ACH-001402,Cervix
1670,ACH-001451,Cervix
1671,ACH-001515,Cervix
1672,ACH-001651,Cervix
1673,ACH-001652,Cervix
1674,ACH-002020,Cervix
1675,ACH-002180,Cervix
1676,ACH-000494,Ovary/Fallopian Tube
1677,ACH-000500,Head and Neck
1678,ACH-000549,Head and Neck
1679,ACH-000682,Head and Neck
1680,ACH-000692,Head and Neck
1681,ACH-000715,Head and Neck
1682,ACH-000992,Head and Neck
1683,ACH-002249,Head and Neck
1684,ACH-002250,Head and Neck
1685,ACH-002251,Head and Neck
1686,ACH-002297,Head and Neck
1687,ACH-000509,Lymphoid
1688,ACH-002240,Lymphoid
1689,ACH-000516,Bone
1690,ACH-002781,Bone
1691,ACH-000538,Bowel
1692,ACH-000583,Lymphoid
1693,ACH-000687,Lymphoid
1694,ACH-001642,Lymphoid
1695,ACH-002307,Lymphoid
1696,ACH-002313,Lymphoid
1697,ACH-000612,Lymphoid
1698,ACH-000641,Myeloid
1699,ACH-001036,Myeloid
1700,ACH-000642,Breast
1701,ACH-000654,Lymphoid
1702,ACH-001097,Lymphoid
1703,ACH-001134,Lymphoid
1704,ACH-001636,Lymphoid
1705,ACH-001680,Lymphoid
1706,ACH-002272,Lymphoid
1707,ACH-002301,Lymphoid
1708,ACH-002317,Lymphoid
1709,ACH-000671,Liver
1710,ACH-000739,Liver
1711,ACH-001021,Liver
1712,ACH-000688,Ovary/Fallopian Tube
1713,ACH-000736,Esophagus/Stomach
1714,ACH-000793,Esophagus/Stomach
1715,ACH-002141,Esophagus/Stomach
1716,ACH-000764,Esophagus/Stomach
1717,ACH-000772,Soft Tissue
1718,ACH-002795,Soft Tissue
1719,ACH-002796,Soft Tissue
1720,ACH-000775,Lung
1721,ACH-001417,Lung
1722,ACH-002174,Lung
1723,ACH-002177,Lung
1724,ACH-000835,Soft Tissue
1725,ACH-001164,Soft Tissue
1726,ACH-002271,Soft Tissue
1727,ACH-002782,Soft Tissue
1728,ACH-002784,Soft Tissue
1729,ACH-003111,Soft Tissue
1730,ACH-003177,Soft Tissue
1731,ACH-003180,Soft Tissue
1732,ACH-003187,Soft Tissue
1733,ACH-000839,Bladder/Urinary Tract
1734,ACH-001411,Bladder/Urinary Tract
1735,ACH-000883,CNS/Brain
1736,ACH-001125,CNS/Brain
1737,ACH-001126,CNS/Brain
1738,ACH-002257,CNS/Brain
1739,ACH-002806,CNS/Brain
1740,ACH-000913,Uterus
1741,ACH-000923,Lymphoid
1742,ACH-002214,Lymphoid
1743,ACH-002215,Lymphoid
1744,ACH-002220,Lymphoid
1745,ACH-002253,Lymphoid
1746,ACH-002478,Lymphoid
1747,ACH-000939,Uterus
1748,ACH-001655,Uterus
1749,ACH-000965,Uterus
1750,ACH-000984,Uterus
1751,ACH-000988,Uterus
1752,ACH-000973,Bladder/Urinary Tract
1753,ACH-001408,Bladder/Urinary Tract
1754,ACH-000989,Bowel
1755,ACH-002659,Bowel
1756,ACH-002664,Bowel
1757,ACH-001019,Skin
1758,ACH-001550,Skin
1759,ACH-001551,Skin
1760,ACH-001552,Skin
1761,ACH-001033,CNS/Brain
1762,ACH-001670,CNS/Brain
1763,ACH-001711,CNS/Brain
1764,ACH-001057,Lymphoid
1765,ACH-001060,Lymphoid
1766,ACH-001068,Lymphoid
1767,ACH-001119,Lymphoid
1768,ACH-001075,Lung
1769,ACH-001085,
1770,ACH-003295,
1771,ACH-003296,
1772,ACH-003297,
1773,ACH-003305,
1774,ACH-003307,
1775,ACH-003308,
1776,ACH-003313,
1777,ACH-001086,Cervix
1778,ACH-001513,Cervix
1779,ACH-001516,Cervix
1780,ACH-001100,Lymphoid
1781,ACH-001132,Lymphoid
1782,ACH-001143,Lymphoid
1783,ACH-002289,Lymphoid
1784,ACH-001130,Lymphoid
1785,ACH-001142,CNS/Brain
1786,ACH-001147,Lymphoid
1787,ACH-001163,Kidney
1788,ACH-001270,Soft Tissue
1789,ACH-001274,Soft Tissue
1790,ACH-001277,Soft Tissue
1791,ACH-001280,Soft Tissue
1792,ACH-001322,Soft Tissue
1793,ACH-002789,Soft Tissue
1794,ACH-002790,Soft Tissue
1795,ACH-001295,Eye
1796,ACH-001421,Eye
1797,ACH-001321,Thyroid
1798,ACH-003472,Thyroid
1799,ACH-001328,Skin
1800,ACH-001442,Skin
1801,ACH-001521,Skin
1802,ACH-001523,Skin
1803,ACH-001524,Skin
1804,ACH-002100,Skin
1805,ACH-001341,Cervix
1806,ACH-001374,Ovary/Fallopian Tube
1807,ACH-001383,Prostate
1808,ACH-001385,Head and Neck
1809,ACH-001676,Head and Neck
1810,ACH-001400,Vulva/Vagina
1811,ACH-002091,Vulva/Vagina
1812,ACH-001401,Adrenal Gland
1813,ACH-001598,Adrenal Gland
1814,ACH-001423,Kidney
1815,ACH-002435,Kidney
1816,ACH-002438,Kidney
1817,ACH-002937,Kidney
1818,ACH-003451,Kidney
1819,ACH-001433,Soft Tissue
1820,ACH-001702,Soft Tissue
1821,ACH-001435,Testis
1822,ACH-001437,Testis
1823,ACH-001438,Testis
1824,ACH-001440,Testis
1825,ACH-001578,Testis
1826,ACH-001671,Testis
1827,ACH-001672,Testis
1828,ACH-002288,Testis
1829,ACH-002291,Testis
1830,ACH-001436,Testis
1831,ACH-001441,Eye
1832,ACH-001554,Eye
1833,ACH-002010,Eye
1834,ACH-002011,Eye
1835,ACH-002013,Eye
1836,ACH-002014,Eye
1837,ACH-002015,Eye
1838,ACH-002016,Eye
1839,ACH-002017,Eye
1840,ACH-002018,Eye
1841,ACH-002687,Eye
1842,ACH-002924,Eye
1843,ACH-002925,Eye
1844,ACH-002926,Eye
1845,ACH-002927,Eye
1846,ACH-001452,Lymphoid
1847,ACH-001571,Lymphoid
1848,ACH-002242,Lymphoid
1849,ACH-002274,Lymphoid
1850,ACH-002339,Lymphoid
1851,ACH-001453,Prostate
1852,ACH-001456,Bowel
1853,ACH-002233,Bowel
1854,ACH-002287,Bowel
1855,ACH-002932,Bowel
1856,ACH-001496,Esophagus/Stomach
1857,ACH-001498,Lymphoid
1858,ACH-001539,Lymphoid
1859,ACH-001638,Lymphoid
1860,ACH-003106,Lymphoid
1861,ACH-003108,Lymphoid
1862,ACH-001502,Testis
1863,ACH-001668,Testis
1864,ACH-001519,Bone
1865,ACH-001525,Cervix
1866,ACH-001650,Cervix
1867,ACH-001528,Thyroid
1868,ACH-002148,Thyroid
1869,ACH-002440,Thyroid
1870,ACH-003471,Thyroid
1871,ACH-001529,Uterus
1872,ACH-001530,Uterus
1873,ACH-002021,Uterus
1874,ACH-001533,Lymphoid
1875,ACH-002062,Lymphoid
1876,ACH-001540,Soft Tissue
1877,ACH-001791,Soft Tissue
1878,ACH-001793,Soft Tissue
1879,ACH-002310,Soft Tissue
1880,ACH-003464,Soft Tissue
1881,ACH-001662,Breast
1882,ACH-001667,Soft Tissue
1883,ACH-002792,Soft Tissue
1884,ACH-001679,Lymphoid
1885,ACH-001708,Lymphoid
1886,ACH-002392,Lymphoid
1887,ACH-001794,Soft Tissue
1888,ACH-001795,Soft Tissue
1889,ACH-001796,Soft Tissue
1890,ACH-001799,Soft Tissue
1891,ACH-001802,Soft Tissue
1892,ACH-001804,Soft Tissue
1893,ACH-001807,Soft Tissue
1894,ACH-001820,Breast
1895,ACH-001828,Lymphoid
1896,ACH-002342,Lymphoid
1897,ACH-002356,Lymphoid
1898,ACH-002357,Lymphoid
1899,ACH-002358,Lymphoid
1900,ACH-002362,Lymphoid
1901,ACH-002363,Lymphoid
1902,ACH-002364,Lymphoid
1903,ACH-002365,Lymphoid
1904,ACH-002366,Lymphoid
1905,ACH-002367,Lymphoid
1906,ACH-002368,Lymphoid
1907,ACH-002369,Lymphoid
1908,ACH-002370,Lymphoid
1909,ACH-002371,Lymphoid
1910,ACH-002372,Lymphoid
1911,ACH-002373,Lymphoid
1912,ACH-002374,Lymphoid
1913,ACH-002375,Lymphoid
1914,ACH-002376,Lymphoid
1915,ACH-002377,Lymphoid
1916,ACH-002380,Lymphoid
1917,ACH-002381,Lymphoid
1918,ACH-002382,Lymphoid
1919,ACH-002383,Lymphoid
1920,ACH-002384,Lymphoid
1921,ACH-001853,Liver
1922,ACH-001854,Biliary Tract
1923,ACH-001861,Biliary Tract
1924,ACH-001961,Biliary Tract
1925,ACH-002019,Cervix
1926,ACH-002035,Lung
1927,ACH-002038,Ovary/Fallopian Tube
1928,ACH-002040,Vulva/Vagina
1929,ACH-002120,Vulva/Vagina
1930,ACH-002200,Vulva/Vagina
1931,ACH-002044,Head and Neck
1932,ACH-002050,Other
1933,ACH-002198,Other
1934,ACH-002060,Myeloid
1935,ACH-002276,Myeloid
1936,ACH-002653,Myeloid
1937,ACH-002065,Peripheral Nervous System
1938,ACH-002066,Peripheral Nervous System
1939,ACH-002693,Peripheral Nervous System
1940,ACH-002695,Peripheral Nervous System
1941,ACH-002710,Peripheral Nervous System
1942,ACH-002799,Peripheral Nervous System
1943,ACH-002800,Peripheral Nervous System
1944,ACH-002801,Peripheral Nervous System
1945,ACH-002802,Peripheral Nervous System
1946,ACH-002123,Pleura
1947,ACH-002128,Pleura
1948,ACH-002131,Pleura
1949,ACH-002132,Pleura
1950,ACH-002136,Pleura
1951,ACH-002149,Ovary/Fallopian Tube
1952,ACH-002201,Cervix
1953,ACH-002204,Bone
1954,ACH-003226,Bone
1955,ACH-003227,Bone
1956,ACH-002210,Myeloid
1957,ACH-002247,Myeloid
1958,ACH-002234,Head and Neck
1959,ACH-002239,Head and Neck
1960,ACH-002254,Lymphoid
1961,ACH-002262,Myeloid
1962,ACH-002270,Lymphoid
1963,ACH-002316,Myeloid
1964,ACH-002336,Eye
1965,ACH-002343,Normal
1966,ACH-002344,Normal
1967,ACH-002346,Normal
1968,ACH-002347,Normal
1969,ACH-002350,Normal
1970,ACH-002351,Normal
1971,ACH-002352,Normal
1972,ACH-002353,Normal
1973,ACH-002354,Normal
1974,ACH-002355,Normal
1975,ACH-002360,Normal
1976,ACH-002361,Normal
1977,ACH-002379,Normal
1978,ACH-002348,CNS/Brain
1979,ACH-002462,Eye
1980,ACH-002463,Eye
1981,ACH-002464,Eye
1982,ACH-002465,Eye
1983,ACH-002466,Eye
1984,ACH-002467,Eye
1985,ACH-002508,Skin
1986,ACH-002509,Skin
1987,ACH-002510,Skin
1988,ACH-002512,Skin
1989,ACH-002846,Skin
1990,ACH-002928,Skin
1991,ACH-002647,Biliary Tract
1992,ACH-002665,Bowel
1993,ACH-002708,Soft Tissue
1994,ACH-002711,Head and Neck
1995,ACH-002716,Myeloid
1996,ACH-002722,Soft Tissue
1997,ACH-002843,Soft Tissue
1998,ACH-002844,Soft Tissue
1999,ACH-002787,Soft Tissue
2000,ACH-002794,Soft Tissue
2001,ACH-003183,Soft Tissue
2002,ACH-002798,Skin
2003,ACH-003145,Embryonal
2004,ACH-003125,Soft Tissue
2005,ACH-003132,
2006,ACH-003133,
2007,ACH-003136,
2008,ACH-003134,
2009,ACH-003135,CNS/Brain
2010,ACH-003137,CNS/Brain
2011,ACH-003150,CNS/Brain
2012,ACH-003138,CNS/Brain
2013,ACH-003139,Muscle
2014,ACH-003141,Muscle
2015,ACH-003142,Muscle
2016,ACH-003143,Kidney
2017,ACH-003148,CNS/Brain
2018,ACH-003149,Muscle
2019,ACH-003152,Lung
2020,ACH-003153,Lung
2021,ACH-003154,Lung
2022,ACH-003156,Lung
2023,ACH-003155,Liver
2024,ACH-003157,Lung
2025,ACH-003158,Muscle
2026,ACH-003159,Hair
2027,ACH-003160,Hair
2028,ACH-003161,Pancreas
2029,ACH-003191,Bone
2030,ACH-003463,Lymphoid
